1.00231,2811042639,0.00000,-1,15,-1,-1,-1,0,2.00800e+14,2.00800e+14,1190.447000,137.953000,997.330000,1,0.28343,1001.570000,36.17984,43.14082,17.96339,16.100,8.510,-78.880,2.536e+15,-4.744e+14,-6.566e+15,0.02391,27034733,27034733,2811042639,1793180,177,-1,27203262,27034901,0.11954,2812606193,132.662,200830000000000,223780000000000,158240000000000,116580000000000,65777000000000,25.7357,21.34,0.02447,0.63663,0.47559,59.7891,-18.8001,19.2231,0.6863,0.48895,44.7802,-12.5435,17.2081,0.593,202700000000000,111800000000000,2.00800e+14,2.00800e+14,1001.570000,1091.380000,0.41506,1.739e+04,1.739e+04,1.281e+04,1.173e+04,1.247e+04,1.002e+00,1.00231,1.00231,2.008e+14,1001.570,1001.570,0.12244,0,0,0,1,1,1,0.10056522,0.23833373,0.13776851
1.00231,2811055606,0.00000,-1,8,-1,-1,-1,0,1.79600e+14,1.79600e+14,1146.849000,185.805000,951.060000,1,0.29862,895.200000,45.36644,49.54417,40.01593,2.460,264.770,-128.080,1.074e+16,4.931e+15,-1.185e+16,0.06297,30715150,30715150,2811055606,1806147,177,-1,30834046,30715320,0.50587,2811077105,190.548,179560000000000,204460000000000,142290000000000,100360000000000,47026000000000,41.987,41.91,0.06994,0.8397,0.56181,34.6803,17.8882,41.2062,0.73306,0.52992,16.9008,21.8839,31.9693,0.627,181000000000000,128700000000000,1.79600e+14,1.79600e+14,895.200000,969.050000,0.50618,7.324e+03,7.324e+03,1.376e+04,1.490e+04,1.118e+04,1.002e+00,1.00231,1.00231,1.796e+14,895.200,895.200,0.49100,0,0,0,1,1,1,0.83294916,0.75515944,0.75515944
1.00231,2809250167,0.00000,-1,8,-1,-1,-1,0,1.29800e+14,1.29800e+14,1029.343000,119.294000,864.530000,1,0.49606,853.830000,22.02318,13.88261,9.80153,18.490,124.890,-35.190,2.133e+15,-3.236e+15,-3.111e+15,0.03607,44555937,44555937,2809250167,708,177,-1,44662903,44556105,0.07568,2810630242,122.839,129860000000000,141210000000000,112010000000000,87766000000000,39496000000000,26.4619,23.35,0.03566,0.76149,0.66381,38.9596,24.3626,-17.5268,0.60863,0.53796,36.5796,16.7702,-11.2216,0.5774,149500000000000,80320000000000,1.29800e+14,1.29800e+14,853.830000,926.370000,0.49100,2.747e+03,2.747e+03,4.666e+03,3.937e+03,3.113e+03,1.002e+00,1.00231,1.00231,1.298e+14,853.830,853.830,0.10074,0,0,0,1,1,1,0.14706802,0.14706802,0.14706802
1.00231,2809483946,0.00000,-1,9,-1,-1,-1,0,1.03000e+14,1.03000e+14,952.978000,132.334000,801.130000,1,0.38469,777.640000,12.29788,36.67881,34.18085,-281.370,-115.390,-391.280,1.713e+15,-1.488e+15,4.582e+15,0.05031,55895639,55895639,2809483946,234487,177,-1,55978303,55895813,0.09677,2820592816,123.506,103250000000000,115110000000000,82069000000000,57781000000000,30529000000000,51.6998,98.45,0.05394,0.7881,0.47302,-10.3568,38.9949,24.7744,0.79532,0.47207,-10.437,28.8854,17.7882,0.6152,104800000000000,64200000000000,1.03000e+14,1.03000e+14,777.640000,831.170000,0.65806,2.747e+03,2.747e+03,4.401e+03,7.723e+03,9.769e+03,1.002e+00,1.00231,1.00231,1.030e+14,777.640,777.640,0.10259,1,1,0,1,1,1,0.37034455,0.37211609,0.85362488
1.00231,2809272603,0.00000,-1,6,-1,-1,-1,0,9.94700e+13,9.94700e+13,941.893000,140.770000,819.390000,1,0.63275,748.560000,10.66037,26.12877,22.50090,-43.870,292.950,-171.470,1.207e+15,-2.126e+15,-2.677e+15,0.03480,57715932,57715932,2809272603,23144,177,-1,57768950,57716103,0.12465,2809483946,140.77,99617000000000,108110000000000,84337000000000,59100000000000,26267000000000,77.9697,118.79,0.04055,0.66155,0.47409,52.7796,6.18836,29.2183,0.72637,0.47615,37.9703,7.08932,21.144,0.67,107600000000000,70970000000000,9.94700e+13,9.94700e+13,748.560000,748.560000,0.63781,5.218e+03,5.218e+03,1.148e+04,6.862e+03,7.258e+03,1.002e+00,1.00231,1.00231,9.947e+13,748.560,748.560,0.15790,1,1,1,1,1,1,0.019607428,0.019607428,0.019607428
1.00231,2809261554,0.00000,-1,6,-1,-1,-1,0,9.94415e+13,9.50300e+13,927.672000,100.168000,777.360000,1,0.30369,793.170000,1.93592,29.54940,18.11720,281.140,229.380,224.590,6.397e+14,9.265e+14,-1.004e+15,0.01835,60041176,60041176,2809261554,12095,177,-1,60127565,60041335,0.18597,2809272603,95.9102,95034000000000,112180000000000,75621000000000,56980000000000,32381000000000,30.4448,17.62,0.0182,0.68402,0.5565,39.1732,-18.0791,1.58553,0.73133,0.59224,29.7254,-13.3796,1.54566,0.5774,97200000000000,51450000000000,9.50300e+13,9.95600e+13,793.170000,847.670000,0.48087,6.317e+03,6.317e+03,-2.158e+03,2.748e+03,5.884e+03,8.732e-01,1.00231,1.00231,9.503e+13,793.170,799.150,0.14729,0,0,0,1,1,1,0.0066425274,0.0066425274,0.0066425274
1.00231,2809285813,0.00000,-1,8,-1,-1,-1,0,8.82900e+13,8.82900e+13,905.182000,157.662000,738.900000,1,0.38975,699.800000,14.82678,24.66325,38.86248,-85.390,208.720,-470.920,3.657e+15,-7.005e+14,-1.766e+15,0.05127,64241523,64241523,2809285813,36354,177,-1,64306937,64241689,0.15000,2809483946,159.774,88288000000000,98379000000000,70469000000000,47156000000000,22054000000000,66.5959,174.95,0.05624,0.78834,0.5826,12.9628,-16.5,37.8724,0.59404,0.42643,16.8319,-14.8465,26.3667,0.6144,89090000000000,67380000000000,8.82900e+13,8.82900e+13,699.800000,708.750000,0.60743,2.289e+03,2.289e+03,8.478e+03,5.411e+03,6.378e+03,1.002e+00,1.00231,1.00231,8.829e+13,699.800,699.800,0.16268,0,0,0,1,1,1,1.1330252,1.0161104,1.0161104
1.00231,2809273410,0.00000,-1,5,-1,-1,-1,0,8.59300e+13,8.59300e+13,897.055000,97.348000,770.780000,1,0.50618,755.750000,15.10384,25.64953,23.68184,-365.370,199.120,-194.930,-1.683e+15,6.730e+13,-1.302e+15,0.03026,65919762,65919762,2809273410,23951,177,-1,66005957,65919933,0.38106,2809272603,99.3318,85985000000000,92318000000000,73720000000000,55764000000000,27917000000000,28.2461,22.98,0.03039,0.78261,0.53571,34.9896,13.8088,21.182,0.66043,0.47161,27.3869,11.6206,19.3052,0.5964,95570000000000,49120000000000,8.59300e+13,8.59300e+13,755.750000,842.280000,0.49606,5.859e+03,5.859e+03,5.696e+03,3.924e+03,2.701e+03,1.002e+00,1.00231,1.00231,8.593e+13,755.750,755.750,0.38210,0,1,1,1,1,1,0.93952179,0.06047821,0.8131004
1.00231,2809284998,0.00000,-1,10,-1,-1,-1,0,8.41014e+13,8.28200e+13,886.089000,121.528000,733.170000,1,0.52644,723.390000,10.49368,33.33908,33.39198,-44.450,275.280,-407.850,-1.579e+14,-1.464e+15,-1.764e+15,0.03328,67712471,67712471,2809284998,35539,177,-1,67774958,67712637,0.44610,2809483946,114.562,82824000000000,92833000000000,67612000000000,49445000000000,23791000000000,33.1475,49.52,0.03488,0.5303,0.49386,-7.4654,53.5371,-20.6847,0.49074,0.48355,-5.69726,41.2518,-14.2464,0.5966,85810000000000,53780000000000,8.28200e+13,8.41800e+13,723.390000,785.180000,0.52137,-2.930e+03,-2.930e+03,1.504e+03,6.222e+03,3.737e+03,9.416e-01,1.00231,1.00231,8.282e+13,723.390,727.420,0.43337,0,0,0,1,1,1,0.0017949616,0.0017949616,0.0017949616
1.00231,2810866534,0.00000,-1,10,-1,-1,-1,0,8.26300e+13,8.26300e+13,885.411000,148.718000,724.020000,1,0.59731,692.870000,46.21854,6.28848,41.90070,-255.780,139.390,30.360,-4.940e+15,2.523e+13,1.688e+14,0.06731,68003201,68003201,2810866534,1617075,177,-1,68080534,68003361,0.09193,2812396416,144.872,82945000000000,93801000000000,63353000000000,44098000000000,21730000000000,72.3204,103.69,0.07532,0.77877,0.59967,-16.7622,28.5037,42.5687,0.72211,0.6023,36.832,-5.55081,-4.09343,0.625,84370000000000,59090000000000,8.26300e+13,8.26300e+13,692.870000,755.640000,0.57706,1.648e+03,1.648e+03,3.729e+03,3.337e+03,4.106e+03,1.002e+00,1.00231,1.00231,8.263e+13,692.870,692.870,0.15712,1,1,1,1,1,1,0.60919613,0.60919613,0.60919613
1.00231,2809250838,0.00000,-1,6,-1,-1,-1,0,7.61645e+13,7.30900e+13,849.955000,123.033000,716.180000,1,0.60237,681.140000,26.58607,14.29485,6.27192,-166.290,78.090,342.470,1.051e+15,-6.119e+13,4.182e+14,0.01944,73960264,73960264,2809250838,1379,177,-1,74007661,73960419,0.33051,2809250167,121.271,73160000000000,89640000000000,59501000000000,42261000000000,20728000000000,13.7943,55.53,0.02117,0.74634,0.54547,-7.67981,-8.76064,41.9655,0.69534,0.49713,-3.62317,-9.82211,31.5097,0.6254,87640000000000,48500000000000,7.30900e+13,7.61300e+13,681.140000,774.110000,0.59225,6.042e+03,6.042e+03,2.075e+02,-4.001e+02,2.832e+03,7.973e-01,1.00231,1.00231,7.309e+13,681.140,699.890,0.32607,1,1,1,1,1,1,0.12467867,0.12467867,0.017707368
1.00231,2809262707,0.00000,-1,12,-1,-1,-1,0,7.17900e+13,7.17900e+13,844.857000,107.187000,720.900000,1,0.54668,699.120000,6.76540,30.07564,15.49921,6.260,-14.000,326.840,-2.231e+14,-7.856e+14,-5.623e+13,0.01523,74904729,74904729,2809262707,13248,177,-1,74969852,74904899,0.31220,2809261554,102.024,71887000000000,76480000000000,63231000000000,47110000000000,20017000000000,27.3349,54.25,0.01577,0.62339,0.45778,-30.4839,16.2373,31.2818,0.4889,0.38353,-23.939,17.1512,24.3916,0.6068,80910000000000,46840000000000,7.17900e+13,7.17900e+13,699.120000,760.850000,0.54668,3.387e+03,3.387e+03,2.939e+03,2.366e+03,1.887e+03,1.002e+00,1.00231,1.00231,7.179e+13,699.120,699.120,0.31326,1,0,0,1,1,1,0.069544725,0.14886266,0.14886266
1.00231,2809448871,0.00000,-1,4,-1,-1,-1,0,6.43267e+13,6.09300e+13,799.922000,155.562000,650.660000,1,0.64793,610.840000,24.55164,36.35122,7.22010,-58.600,156.820,97.650,-1.051e+15,-7.513e+14,-5.303e+14,0.03124,83803242,83803242,2809448871,199412,177,-1,83853488,83803404,0.13790,2811042639,153.354,61021000000000,70550000000000,47677000000000,32753000000000,13540000000000,78.9976,54.56,0.03536,0.75928,0.5261,-19.6135,32.9704,30.9465,0.91323,0.57919,-4.82418,11.7117,30.8701,0.6238,61020000000000,49700000000000,6.09300e+13,6.44400e+13,610.840000,706.950000,0.63275,-7.324e+03,-7.324e+03,6.214e+02,1.487e+03,3.677e+03,9.643e-01,1.00231,1.00231,6.093e+13,610.840,630.240,0.13648,1,0,0,1,1,1,0.32319272,0.034067005,0.034067005
1.00231,2810867079,0.00000,-1,9,-1,-1,-1,0,6.04000e+13,6.04000e+13,797.602000,135.988000,725.670000,1,0.14675,645.750000,42.78733,4.08085,46.11802,-51.050,339.540,-48.470,7.686e+14,1.582e+15,-3.350e+15,0.07279,84298105,84298105,2810867079,1617620,177,-1,84333313,84298267,0.29599,2810866534,107.707,61063000000000,66350000000000,50853000000000,38615000000000,12116000000000,61.9411,335.01,0.09719,0.71937,0.5398,45.6395,5.51295,7.55933,0.44619,0.35262,38.9285,8.80527,9.95489,0.7458,65770000000000,47440000000000,6.04000e+13,6.04000e+13,645.750000,645.750000,0.66818,4.761e+03,4.761e+03,1.140e+04,6.844e+03,5.903e+03,1.002e+00,1.00231,1.00231,6.040e+13,645.750,645.750,0.30569,1,1,1,1,1,1,0.71516228,0.71516228,0.71516228
1.00231,2810827984,0.00000,-1,5,-1,-1,-1,0,5.72100e+13,5.72100e+13,783.273000,123.320000,642.270000,1,0.38975,613.750000,43.74577,34.84088,8.88393,138.840,179.460,141.430,2.300e+14,1.068e+15,7.487e+14,0.03475,87351453,87351453,2810827984,1578525,177,-1,87403803,87351629,0.18371,2812606193,127.137,57237000000000,61810000000000,48166000000000,32431000000000,14976000000000,35.3969,40.68,0.03725,0.53256,0.45719,37.3833,24.8945,9.92927,0.5004,0.40975,27.6569,19.5437,7.09252,0.6028,60430000000000,41040000000000,5.72100e+13,5.72100e+13,613.750000,675.420000,0.58719,1.099e+03,1.099e+03,1.369e+03,2.465e+03,3.420e+03,1.002e+00,1.00231,1.00231,5.721e+13,613.750,613.750,0.18786,0,0,0,1,1,1,0.3094365,0.3094365,0.88830626
1.00231,2811055186,0.00000,-1,2,-1,-1,-1,0,4.89259e+13,4.68100e+13,732.602000,95.133000,613.990000,1,0.46569,605.880000,45.22346,49.95362,37.76937,-274.400,-209.070,540.560,-1.738e+14,9.475e+14,8.045e+13,0.03684,99766723,99766723,2811055186,1805727,177,-1,99808642,99766888,0.82747,2811055606,88.7244,47414000000000,53579000000000,38775000000000,28946000000000,14236000000000,17.5095,38.33,0.03798,0.5655,0.41652,4.55145,-7.86413,43.1366,0.57301,0.40396,3.49199,-7.03949,32.6301,0.5968,49400000000000,29720000000000,4.68100e+13,4.89700e+13,605.880000,664.140000,0.47075,-2.747e+02,-2.747e+02,-5.591e+02,2.759e+03,3.612e+03,8.960e-01,1.00231,1.00231,4.681e+13,605.880,591.690,0.70301,1,1,1,1,1,1,0.091755979,0.091755979,0.091755979
1.00231,2809263578,0.00000,-1,7,-1,-1,-1,0,4.62700e+13,4.62700e+13,729.801000,202.245000,578.750000,1,0.60237,529.330000,10.68606,14.30844,13.47866,111.460,143.230,22.490,2.757e+14,-6.852e+14,3.836e+14,0.02741,100558284,100558284,2809263578,14119,177,-1,100590586,100558447,0.17320,2810640408,224.851,46423000000000,52536000000000,33203000000000,21571000000000,8604500000000,83.4309,89.92,0.03334,0.65756,0.62828,41.2572,-7.19244,-13.0586,0.64179,0.51808,27.556,-11.3469,-5.84112,0.6478,46390000000000,49760000000000,4.62700e+13,4.62700e+13,529.330000,599.100000,0.62769,1.831e+02,1.831e+02,3.060e+03,3.358e+03,3.688e+03,1.002e+00,1.00231,1.00231,4.627e+13,529.330,529.330,0.17707,1,1,1,1,1,1,0.063070543,0.063070543,0.063070543
1.00231,2809251418,0.00000,-1,2,-1,-1,-1,0,4.77014e+13,4.47200e+13,721.531000,68.850000,634.590000,1,0.55175,630.910000,24.14984,4.41944,10.14517,-146.700,184.830,-248.860,1.746e+14,-4.023e+12,-2.507e+13,0.00778,102380848,102380848,2809251418,1959,177,-1,102435605,102381011,0.20762,2809250167,67.4964,44894000000000,46780000000000,39810000000000,32054000000000,16524000000000,10.1639,30.58,0.00748,0.99381,0.71445,-16.8037,4.17181,29.0221,0.94445,0.63644,-5.6662,0.56369,28.552,0.5858,54690000000000,24600000000000,4.47200e+13,4.74100e+13,630.910000,779.570000,0.54668,1.556e+03,1.556e+03,2.174e+03,1.751e+03,0.000e+00,6.429e-01,1.00231,1.00231,4.472e+13,630.910,659.610,0.21192,1,1,0,1,1,1,0.097553819,0.097553819,0.17589344
1.00231,2809471651,0.00000,-1,3,-1,-1,-1,0,4.26900e+13,4.26900e+13,710.474000,118.217000,620.090000,1,0.42012,556.760000,8.31909,34.04891,32.79749,557.730,-109.900,-394.100,2.676e+14,3.959e+14,1.700e+14,0.01742,105738925,105738925,2809471651,222192,177,-1,105770028,105739084,0.64183,2809284998,115.261,42738000000000,49610000000000,33546000000000,24820000000000,10042000000000,25.5223,131.88,0.02323,0.91252,0.64043,-22.6904,29.8427,16.9747,0.7007,0.51335,24.0024,-21.4728,-7.4014,0.737,43080000000000,31300000000000,4.26900e+13,4.26900e+13,556.760000,567.570000,0.63275,2.563e+03,2.563e+03,3.466e+03,3.556e+03,3.811e+03,1.002e+00,1.00231,1.00231,4.269e+13,556.760,556.760,0.56915,1,1,0,1,1,1,0.023033647,0.023033647,0.011787536
1.00231,2810841479,0.00000,-1,3,-1,-1,-1,0,4.17176e+13,4.09200e+13,700.508000,221.236000,534.420000,1,0.60743,510.470000,41.36484,14.89884,22.54362,11.000,91.270,-170.430,-6.553e+14,8.628e+13,-3.229e+14,0.03030,108260011,108260011,2810841479,1592020,177,-1,108292598,108260183,0.12869,2812396416,202.965,40927000000000,49731000000000,30476000000000,18357000000000,5853500000000,38.5277,99.94,0.03616,0.46508,0.40099,-25.4797,17.9811,37.7295,0.48817,0.40923,-16.8874,9.45797,24.0448,0.6232,41980000000000,49670000000000,4.09200e+13,4.17500e+13,510.470000,581.070000,0.62769,2.106e+03,2.106e+03,-4.064e+02,2.281e+03,3.267e+03,8.656e-01,1.00231,1.00231,4.092e+13,510.470,573.980,0.12916,0,0,0,1,1,1,0.0073008491,0.0073008491,0.0073008491
1.00231,2810866744,0.00000,-1,6,-1,-1,-1,0,4.02700e+13,4.02700e+13,696.806000,106.169000,581.740000,1,0.62769,551.910000,36.78757,17.70589,48.52293,81.190,93.580,-63.370,-3.439e+14,1.101e+15,-6.366e+14,0.06022,109217194,109217194,2810866744,1617285,177,-1,109260981,109217360,0.11776,2810866534,106.169,40283000000000,44667000000000,33440000000000,21960000000000,10976000000000,25.6304,89.32,0.06651,0.77347,0.52128,24.477,19.1394,20.8122,0.84316,0.59744,-0.04136,14.2442,21.1932,0.6312,42090000000000,26850000000000,4.02700e+13,4.02700e+13,551.910000,587.950000,0.61250,1.739e+03,1.739e+03,2.714e+03,1.577e+03,2.058e+03,1.002e+00,1.00231,1.00231,4.027e+13,551.910,551.910,0.12640,0,0,0,1,1,1,0.51136154,0.51136154,0.51136154
1.00231,2809273990,0.00000,-1,4,-1,-1,-1,0,3.93100e+13,3.93100e+13,691.194000,75.841000,609.840000,1,0.24800,594.020000,29.26482,22.00341,19.51803,-107.900,129.270,-244.370,2.851e+14,-3.426e+14,9.271e+13,0.02268,110722958,110722958,2809273990,24531,177,-1,110758384,110723119,0.14080,2809250167,69.8174,39359000000000,43220000000000,32966000000000,25832000000000,13228000000000,37.9031,72.36,0.02393,0.61921,0.51444,5.20654,3.49775,38.7759,0.60595,0.46268,3.27602,3.07535,32.3158,0.6342,45240000000000,23460000000000,3.93100e+13,3.93100e+13,594.020000,601.940000,0.50618,3.845e+03,3.845e+03,2.734e+03,2.396e+03,1.873e+03,1.002e+00,1.00231,1.00231,3.931e+13,594.020,594.020,0.14478,0,1,1,1,1,1,0.71816421,0.0059251729,0.0059251729
1.00231,2809460954,0.00000,-1,2,-1,-1,-1,0,4.13616e+13,3.91700e+13,690.381000,583.656000,512.510000,1,0.77450,495.140000,20.63689,44.92161,11.80429,-310.200,113.840,2.930,5.577e+14,2.939e+14,-1.365e+15,0.05804,110882116,110882116,2809460954,211495,177,-1,110901953,110882285,0.16413,2809448871,262.597,39426000000000,45296000000000,20496000000000,10987000000000,3946500000000,127.948,160.97,0.07951,0.21403,0.16717,58.0577,-48.3444,15.703,0.82374,0.65286,-16.5097,19.2843,-3.17144,0.6696,39390000000000,51200000000000,3.91700e+13,4.14100e+13,495.140000,545.340000,0.72894,-1.007e+03,-1.007e+03,-8.663e+02,4.352e+03,5.000e+03,8.428e-01,1.00231,1.00231,3.917e+13,495.140,544.730,0.16598,1,0,0,1,1,1,0.35037231,0.35019341,0.35019341
1.00231,2809262131,0.00000,-1,2,-1,-1,-1,0,3.94444e+13,3.81100e+13,684.098000,83.991000,582.300000,1,0.57706,564.070000,8.26375,23.32085,17.06454,94.900,277.880,-111.650,-2.521e+14,7.315e+14,-4.065e+14,0.04677,112523553,112523553,2809262131,12672,177,-1,112558702,112523708,0.27929,2809272603,84.0975,38209000000000,47326000000000,32799000000000,24839000000000,11496000000000,21.9012,39.26,0.04837,0.93916,0.8073,27.0309,-19.0127,-1.34335,0.89411,0.75563,24.7808,-9.56026,3.05795,0.6062,42450000000000,24100000000000,3.81100e+13,3.94200e+13,564.070000,670.930000,0.57200,4.120e+03,4.120e+03,2.729e+03,8.198e+02,8.351e+01,6.910e-01,1.00231,1.00231,3.811e+13,564.070,590.680,0.28968,1,1,1,1,1,1,0.06496159,0.06496159,0.06496159
1.00231,2809273721,0.00000,-1,4,-1,-1,-1,0,3.54500e+13,3.54500e+13,667.812000,88.526000,544.280000,1,0.63275,547.820000,5.09876,28.49770,22.15211,246.250,259.740,-239.960,5.828e+14,-2.159e+14,-1.495e+14,0.03917,117639639,117639639,2809273721,24262,177,-1,117676394,117639803,0.32736,2809261554,84.2434,35503000000000,40643000000000,27887000000000,20085000000000,10636000000000,7.69011,15.03,0.03991,0.82307,0.56005,-1.78784,30.1837,-17.3591,0.76538,0.54129,1.19574,25.2058,-8.39154,0.5774,35510000000000,21430000000000,3.54500e+13,3.54500e+13,547.820000,603.300000,0.54668,3.662e+02,3.662e+02,8.175e+02,8.446e+02,1.458e+03,1.002e+00,1.00231,1.00231,3.545e+13,547.820,547.820,0.32525,0,0,0,1,1,1,0.20097594,0.20097594,0.20097594
1.00231,2809286254,0.00000,-1,3,-1,-1,-1,0,3.57300e+13,3.52900e+13,666.763000,220.380000,513.740000,1,0.70615,482.940000,13.36133,27.68582,33.05322,-124.430,447.120,-251.680,6.824e+14,-2.225e+14,1.943e+14,0.03826,118053123,118053123,2809286254,36795,177,-1,118082654,118053290,0.27036,2809284998,209.567,35366000000000,41599000000000,26025000000000,15599000000000,4375900000000,32.7679,235.9,0.04679,0.90898,0.73396,37.1582,5.57402,-17.2604,0.47271,0.33604,28.0012,18.2049,-12.4477,0.637,35580000000000,43100000000000,3.52900e+13,3.57400e+13,482.940000,498.760000,0.70615,-2.747e+03,-2.747e+03,2.125e+03,3.445e+03,4.654e+03,9.643e-01,1.00231,1.00231,3.529e+13,482.940,489.740,0.27377,1,1,1,1,1,1,0.72800827,0.72800827,0.72800827
1.00231,2810868070,0.00000,-1,6,-1,-1,-1,0,3.38100e+13,3.38100e+13,657.351000,127.110000,538.170000,1,0.28343,497.710000,38.69814,33.00077,44.96276,135.330,151.200,-152.080,5.198e+14,3.642e+14,4.774e+13,0.03826,120811312,120811312,2810868070,1618611,177,-1,120832313,120811468,0.13256,2811055606,133.966,33830000000000,36352000000000,27115000000000,18034000000000,8030700000000,35.1183,114.27,0.043,0.76385,0.44001,0.98437,-10.4309,38.4284,0.78443,0.44644,-1.08164,-7.52748,26.2422,0.6236,34510000000000,28100000000000,3.38100e+13,3.38100e+13,497.710000,532.660000,0.76690,4.578e+02,4.578e+02,1.584e+03,4.699e+03,3.863e+03,1.002e+00,1.00231,1.00231,3.381e+13,497.710,497.710,0.13505,1,1,1,1,1,1,0.15262942,0.15262942,0.15262942
1.00231,2811030772,0.00000,-1,4,-1,-1,-1,0,3.45596e+13,3.32300e+13,653.568000,141.601000,512.730000,1,0.71375,496.420000,48.17530,40.30196,10.24250,117.020,-237.050,213.430,-1.654e+14,-3.919e+14,5.783e+14,0.04515,121860585,121860585,2811030772,1781313,177,-1,121890075,121860755,0.25515,2811031450,130.137,33235000000000,38531000000000,26041000000000,17827000000000,6785400000000,8.47358,43.69,0.04992,0.83186,0.63545,-11.1405,-17.218,29.6909,0.64264,0.58198,-4.95544,-12.4093,22.5718,0.5984,33270000000000,29790000000000,3.32300e+13,3.45200e+13,496.420000,560.610000,0.69856,-1.831e+02,-1.831e+02,-3.588e+02,1.397e+03,4.102e+03,8.960e-01,1.00231,1.00231,3.323e+13,496.420,501.230,0.24526,0,0,1,1,1,1,0.28692433,0.28692433,0.36133325
1.00231,2810841619,0.00000,-1,2,-1,-1,-1,0,3.26676e+13,3.25400e+13,649.020000,144.832000,495.990000,1,0.23787,480.050000,48.08717,13.89084,13.61988,-265.020,336.740,23.430,-1.004e+14,9.930e+13,9.429e+13,0.01137,123216114,123216114,2810841619,1592160,177,-1,123241799,123216279,0.16544,2812396416,160.465,32553000000000,37308000000000,23939000000000,15919000000000,7086300000000,51.1294,13.42,0.01223,0.57622,0.42629,4.8421,32.2479,-23.145,0.64781,0.5014,6.43277,22.1259,-12.9047,0.572,32590000000000,29410000000000,3.25400e+13,3.26900e+13,480.050000,541.390000,0.51631,1.373e+03,1.373e+03,8.931e+02,2.767e+03,2.458e+03,9.340e-01,1.00231,1.00231,3.254e+13,480.050,499.160,0.16608,1,1,1,1,1,1,0.02119475,0.02119475,0.02119475
1.00231,2810853065,0.00000,-1,3,-1,-1,-1,0,3.13382e+13,3.10600e+13,638.979000,103.826000,549.760000,1,0.62769,502.910000,46.18829,12.35597,34.98538,-13.010,-40.920,-8.020,2.523e+14,-5.511e+14,-1.919e+14,0.04167,126850322,126850322,2810853065,1603606,177,-1,126880055,126850490,0.19827,2810866534,101.014,31093000000000,36717000000000,24214000000000,17110000000000,8063700000000,47.0951,96.92,0.04949,0.58335,0.45719,23.8302,-10.9413,29.8044,0.49031,0.37621,19.2136,-9.32273,24.1908,0.6724,34870000000000,21660000000000,3.10600e+13,3.13400e+13,502.910000,570.830000,0.63781,-4.578e+02,-4.578e+02,6.142e+02,9.059e+02,2.369e+03,9.264e-01,1.00231,1.00231,3.106e+13,502.910,491.970,0.19959,1,1,1,1,1,1,0.18308322,0.18308322,0.18308322
1.00231,2810867892,0.00000,-1,4,-1,-1,-1,0,3.04800e+13,3.04800e+13,635.017000,83.686000,517.290000,1,0.28850,509.060000,40.26103,6.39645,44.11269,247.160,107.760,-85.280,-3.581e+14,-1.037e+13,2.350e+14,0.03391,128225301,128225301,2810867892,1618433,177,-1,128253743,128225467,0.38113,2810867079,90.442,30532000000000,34321000000000,25001000000000,18823000000000,8627900000000,18.0096,45.91,0.03441,0.68264,0.60974,30.3305,7.97178,14.8327,0.63477,0.53016,24.6859,5.57324,11.3217,0.5762,32400000000000,19670000000000,3.04800e+13,3.04800e+13,509.060000,559.880000,0.45050,6.225e+03,6.225e+03,1.913e+03,2.134e+03,1.568e+03,1.002e+00,1.00231,1.00231,3.048e+13,509.060,509.060,0.35512,0,0,0,1,1,1,0.05713224,0.05713224,0.05713224
1.00231,2809251072,0.00000,-1,4,-1,-1,-1,0,2.99100e+13,2.99100e+13,631.029000,84.537000,525.980000,1,0.57706,511.120000,25.85770,14.61061,7.15041,-20.930,-322.760,-407.510,-4.888e+14,-2.481e+14,-1.113e+14,0.04495,129357915,129357915,2809251072,1613,177,-1,129386973,129358081,1.10628,2809250838,85.0119,30849000000000,34127000000000,24911000000000,18437000000000,8586400000000,11.421,24.9,0.04636,0.77173,0.74129,10.2297,27.7597,-12.1951,0.69977,0.67273,10.094,21.9923,-7.75144,0.5948,31380000000000,19400000000000,2.99100e+13,2.99100e+13,511.120000,595.320000,0.57200,0.000e+00,0.000e+00,6.958e+02,9.016e+02,7.801e+02,9.947e-01,1.00231,1.00231,2.991e+13,511.120,513.390,0.86920,1,1,1,1,1,1,0.0038770773,0.044635598,0.04075852
1.00231,2810829135,0.00000,-1,2,-1,-1,-1,0,2.69100e+13,2.69100e+13,609.142000,55.918000,525.310000,1,0.38469,532.230000,37.72086,25.37412,6.04234,-110.130,47.670,33.450,1.370e+14,-1.419e+14,2.281e+14,0.03158,137092423,137092423,2810829135,1579676,177,-1,137117709,137092586,0.15423,2811019572,57.1724,26907000000000,28846000000000,22728000000000,17966000000000,9869000000000,5.20254,13.11,0.02982,0.76708,0.49665,20.042,17.5858,11.2364,0.72327,0.47406,16.9937,14.0385,9.59316,0.5674,31310000000000,14170000000000,2.69100e+13,2.69100e+13,532.230000,585.120000,0.39481,4.578e+02,4.578e+02,1.140e+03,1.327e+03,1.127e+03,1.002e+00,1.00231,1.00231,2.691e+13,532.230,532.230,0.15434,0,1,1,1,1,1,0.033488438,0,0.11573427
1.00231,2811055483,0.00000,-1,2,-1,-1,-1,0,2.65067e+13,2.56300e+13,599.358000,78.473000,503.630000,1,0.42518,490.630000,45.14802,47.98317,37.60620,-342.730,621.880,392.940,-1.287e+14,1.592e+14,-1.318e+14,0.02419,140390029,140390029,2811055483,1806024,177,-1,140414614,140390196,0.68287,2811055606,76.4274,26112000000000,28901000000000,20741000000000,15226000000000,7565800000000,49.8055,80.59,0.0261,0.68813,0.48162,-9.76697,21.9567,26.5549,0.8324,0.56609,-11.2886,16.6722,14.9692,0.6236,26280000000000,15850000000000,2.56300e+13,2.65200e+13,490.630000,521.680000,0.49606,-1.831e+02,-1.831e+02,-7.934e+01,1.041e+03,1.264e+03,9.340e-01,1.00231,1.00231,2.563e+13,490.630,463.480,0.61742,0,0,1,1,1,1,0.033971071,0.033971071,0.0011891118
1.00231,2811031067,0.00000,-1,3,-1,-1,-1,0,2.53300e+13,2.53300e+13,597.018000,144.595000,492.400000,1,0.80487,464.280000,46.71616,40.48014,12.06665,-18.310,-297.730,-127.120,1.442e+14,-4.691e+14,-3.396e+14,0.04351,141108195,141108195,2811031067,1781608,177,-1,141122436,141108356,0.51742,2811030772,101.51,25453000000000,31352000000000,20772000000000,14490000000000,3664000000000,66.8444,182.68,0.06524,0.57301,0.46698,29.3616,-4.86332,29.7453,0.25999,0.23732,24.0001,-4.0891,28.0963,0.7776,26510000000000,24750000000000,2.53300e+13,2.53300e+13,464.280000,467.550000,0.63781,3.479e+03,3.479e+03,1.749e+03,5.953e+02,1.425e+03,1.002e+00,1.00231,1.00231,2.533e+13,464.280,464.280,0.52340,0,0,0,1,1,1,1.1197827,1.1197827,1.1197827
1.00231,2809473497,0.00000,-1,1,-1,-1,-1,0,2.50000e+13,2.50000e+13,594.427000,72.769000,497.960000,1,0.40494,492.910000,0.26515,37.27278,32.05886,73.110,37.770,-391.780,2.517e+13,-4.878e+12,1.953e+14,0.02125,141856244,141856244,2809473497,224038,177,-1,141880927,141856392,0.17071,2809471651,71.0524,25004000000000,27613000000000,20408000000000,15120000000000,7843600000000,15.6461,72.58,0.022,0.77896,0.59767,28.3038,-15.75,-14.4308,0.79559,0.67744,21.32,-13.7273,-8.21259,0.5976,25990000000000,14960000000000,2.50000e+13,2.50000e+13,492.910000,513.760000,0.44037,1.373e+03,1.373e+03,1.607e+03,1.734e+03,1.748e+03,1.002e+00,1.00231,1.00231,2.500e+13,492.910,492.910,0.18507,1,1,1,1,1,1,0.03956382,0.03956382,0.24912198
1.00231,2809263275,0.00000,-1,2,-1,-1,-1,0,2.48000e+13,2.48000e+13,592.788000,85.936000,557.890000,1,0.62262,477.380000,11.12960,23.43563,14.79039,-33.060,55.220,696.440,-3.853e+14,-1.074e+15,3.565e+13,0.07695,142503962,142503962,2809263275,13816,177,-1,142519193,142504116,0.34691,2809262131,82.3566,24822000000000,30689000000000,17554000000000,13136000000000,7153900000000,79.8119,274.26,0.12934,0.96836,0.77512,28.1707,-13.4477,2.24811,0.68232,0.56269,-4.97496,12.0778,21.4882,0.8334,26050000000000,15210000000000,2.48000e+13,2.48000e+13,477.380000,477.380000,0.92637,2.838e+03,2.838e+03,7.336e+03,3.284e+03,2.623e+03,1.002e+00,1.00231,1.00231,2.480e+13,477.380,477.380,0.35434,1,1,1,1,1,1,0.58684158,0.58684158,0.58684158
1.00231,2809450326,0.00000,-1,2,-1,-1,-1,0,2.60733e+13,2.44800e+13,590.233000,128.587000,467.510000,1,0.55175,437.910000,28.44094,34.83589,5.08685,-340.210,149.480,197.770,2.259e+14,-1.399e+14,-1.494e+14,0.03118,143886108,143886108,2809450326,200867,177,-1,143911128,143886277,0.33517,2809448871,141.876,24690000000000,28026000000000,18569000000000,12161000000000,5446900000000,48.1096,50.48,0.03528,0.73456,0.6462,4.53361,27.85,-10.903,0.64626,0.53684,5.49014,18.3176,-10.9228,0.6164,24600000000000,21590000000000,2.44800e+13,2.61100e+13,437.910000,515.570000,0.67831,2.197e+03,2.197e+03,-7.803e+02,1.095e+03,2.616e+03,8.580e-01,1.00231,1.00231,2.448e+13,437.910,483.350,0.33249,1,1,1,1,1,1,0.26091343,0.26091343,0.26091343
1.00231,2810828850,0.00000,-1,2,-1,-1,-1,0,2.41500e+13,2.40900e+13,587.129000,274.482000,468.280000,1,0.85803,432.180000,43.43966,11.91929,13.01768,-19.200,321.640,31.670,-6.231e+13,1.099e+14,4.392e+14,0.03780,145140289,145140289,2810828850,1579391,177,-1,145149614,145140462,0.26429,2810841619,152.168,24096000000000,26339000000000,18743000000000,7888900000000,1671800000000,82.2197,94.31,0.05432,0.57717,0.33094,22.323,41.7736,-28.4606,0.71933,0.54116,25.6442,3.00444,3.63915,0.7186,24550000000000,31470000000000,2.40900e+13,2.41900e+13,432.180000,482.590000,0.82765,-9.155e+02,-9.155e+02,3.438e+03,4.095e+03,3.589e+03,9.947e-01,1.00231,1.00231,2.409e+13,432.180,435.020,0.26258,1,1,1,1,1,1,0.30169246,0.30169246,0.30169246
1.00231,2809285255,0.00000,-1,4,-1,-1,-1,0,2.57399e+13,2.37600e+13,584.389000,49.541000,508.420000,1,0.38975,520.950000,14.50340,25.82699,36.71209,42.330,104.190,-228.480,-1.926e+14,-2.094e+13,-1.041e+14,0.02932,145784232,145784232,2809285255,35796,177,-1,145810969,145784389,0.64049,2809285813,50.3277,24071000000000,26512000000000,20941000000000,17245000000000,9287900000000,8.30707,24.15,0.02675,0.82675,0.61137,-11.9273,-3.49319,23.7146,0.74262,0.54785,-9.10036,-4.18959,20.8785,0.5542,30130000000000,12310000000000,2.37600e+13,2.57400e+13,520.950000,547.530000,0.40494,-1.831e+02,-1.831e+02,-4.694e+02,2.394e+01,9.946e+02,8.049e-01,1.00231,1.00231,2.376e+13,520.950,527.490,0.59247,1,1,1,1,1,1,0.25463268,0.5802601,0.5802601
1.00231,2810868280,0.00000,-1,1,-1,-1,-1,0,2.19400e+13,2.19400e+13,569.066000,58.892000,488.360000,1,0.44543,486.460000,36.35628,9.81009,40.52216,129.470,139.050,-75.490,-1.453e+13,-1.079e+13,-1.767e+14,0.02525,152328582,152328582,2810868280,1618821,177,-1,152349935,152328746,0.20074,2810867892,58.8916,21939000000000,24724000000000,19007000000000,15060000000000,7440900000000,2.36104,12.35,0.02468,0.7865,0.70656,2.0643,-12.4494,25.452,0.70598,0.62026,4.01208,-11.4553,20.5988,0.5828,25680000000000,12640000000000,2.19400e+13,2.19400e+13,486.460000,521.590000,0.44037,1.190e+03,1.190e+03,1.031e+03,6.448e+02,6.757e+02,1.002e+00,1.00231,1.00231,2.194e+13,486.460,486.460,0.20179,1,1,1,1,1,1,0.019441802,0.003540914,0.003540914
1.00231,2809251549,0.00000,-1,3,-1,-1,-1,0,2.29467e+13,2.11000e+13,561.708000,105.877000,444.820000,1,0.77450,439.080000,26.45399,10.60256,7.56528,-219.710,317.400,-56.270,-4.656e+13,2.112e+14,-4.996e+13,0.03020,155206709,155206709,2809251549,2090,177,-1,155225675,155206867,0.40170,2809250838,92.5194,21147000000000,24156000000000,16373000000000,11729000000000,4333600000000,36.5985,51.24,0.03292,0.59809,0.53803,-16.4731,35.4985,6.54719,0.43512,0.42427,-11.3721,29.145,6.6966,0.594,21330000000000,16750000000000,2.11000e+13,2.29600e+13,439.080000,473.910000,0.66818,-4.211e+03,-4.211e+03,-7.944e+02,1.592e+03,2.257e+03,8.960e-01,1.00231,1.00231,2.110e+13,439.080,461.900,0.38285,1,1,1,1,1,1,0.27240193,0.27240193,0.27240193
1.00231,2809263808,0.00000,-1,4,-1,-1,-1,0,2.30526e+13,2.03900e+13,555.369000,69.545000,460.940000,1,0.23281,458.110000,13.17825,18.85504,14.52124,-164.070,164.100,133.350,3.017e+14,3.647e+14,-1.529e+14,0.07774,157404484,157404484,2809263808,14349,177,-1,157426654,157404652,0.29141,2809263578,68.1368,20514000000000,22924000000000,16993000000000,12929000000000,6227600000000,6.74035,22.47,0.07806,0.83143,0.66382,4.0226,25.6685,16.8728,0.79227,0.60437,3.20478,19.7235,15.0668,0.5782,22020000000000,12840000000000,2.03900e+13,2.30100e+13,458.110000,526.020000,0.53656,1.465e+03,1.465e+03,7.186e+02,4.873e+02,0.000e+00,6.479e-01,1.00231,1.00231,2.039e+13,458.110,496.430,0.28776,1,1,0,1,1,1,0.5095979,0.5095979,1.4790001
1.00231,2809274191,0.00000,-1,2,-1,-1,-1,0,2.00300e+13,2.00300e+13,552.053000,58.302000,470.910000,1,0.11975,474.800000,14.48821,27.34140,30.02704,-439.130,162.260,-193.700,3.607e+13,-5.335e+12,7.998e+13,0.01450,158622202,158622202,2809274191,24732,177,-1,158642232,158622366,0.41925,2809286254,55.5699,20293000000000,22681000000000,16572000000000,12567000000000,6649300000000,17.2611,10.62,0.01421,0.84846,0.75013,5.76872,17.128,15.1936,0.81776,0.66578,4.63799,13.8185,12.4364,0.58,21460000000000,11010000000000,2.00300e+13,2.00300e+13,474.800000,499.940000,0.42518,9.155e+02,9.155e+02,3.040e+02,4.499e+02,6.928e+02,1.002e+00,1.00231,1.00231,2.003e+13,474.800,474.800,0.44365,1,1,1,1,1,1,0.0095393378,0.0095393378,0.0095393378
1.00231,2809262947,0.00000,-1,1,-1,-1,-1,0,1.96900e+13,1.96900e+13,548.888000,89.362000,467.030000,1,0.13325,432.850000,10.99753,20.79555,14.92173,158.160,258.670,-85.790,4.144e+13,7.868e+12,-2.223e+14,0.03102,159838989,159838989,2809262947,13488,177,-1,159857683,159839145,0.41283,2809263275,85.7851,19862000000000,27541000000000,15241000000000,10740000000000,5242700000000,28.3231,55.81,0.03765,0.95757,0.7843,30.6327,1.43936,-4.04252,0.98008,0.75226,20.7049,6.99584,6.86066,0.6822,26920000000000,13910000000000,1.96900e+13,1.96900e+13,432.850000,451.060000,0.45556,2.014e+03,2.014e+03,8.205e+02,8.280e+02,9.775e+02,1.002e+00,1.00231,1.00231,1.969e+13,432.850,432.850,0.37361,1,1,1,1,1,1,0.0054788026,0.0054788026,0.0054788026
1.00231,2811054685,0.00000,-1,2,-1,-1,-1,0,1.93826e+13,1.93400e+13,545.627000,90.417000,458.420000,1,0.61250,424.370000,42.84152,46.79302,39.14689,149.360,818.620,-128.070,-5.961e+13,2.678e+13,-1.854e+14,0.02957,161017206,161017206,2811054685,1805226,177,-1,161032253,161017371,0.53537,2811055606,92.696,19755000000000,24492000000000,15071000000000,11010000000000,4873800000000,46.2238,40.88,0.0337,0.81818,0.44977,4.70356,23.8667,-11.4828,0.80616,0.42413,-8.0411,-14.6574,12.1049,0.6468,22410000000000,14020000000000,1.93400e+13,1.94600e+13,424.370000,454.340000,0.62769,2.655e+03,2.655e+03,4.587e+01,6.439e+02,1.350e+03,8.808e-01,1.00231,1.00231,1.934e+13,424.370,414.070,0.50290,1,0,0,1,1,1,0.1160718,0.055582903,0.055582903
1.00231,2810842280,0.00000,-1,2,-1,-1,-1,0,1.85200e+13,1.85200e+13,537.790000,50.141000,486.010000,1,0.38469,478.080000,43.03999,4.11232,13.34089,-184.350,390.160,-204.320,1.738e+13,-5.709e+12,4.496e+12,0.00336,164819894,164819894,2810842280,1592821,177,-1,164838920,164820058,0.18783,2810828850,46.8598,18524000000000,20417000000000,15479000000000,12238000000000,7053100000000,10.9845,33.65,0.00347,0.6356,0.46639,25.6051,-15.0067,11.6929,0.65675,0.46157,19.9402,-11.9841,9.59208,0.6334,21350000000000,9793000000000,1.85200e+13,1.85200e+13,478.080000,500.090000,0.43025,2.747e+02,2.747e+02,1.038e+03,1.281e+03,1.082e+03,1.002e+00,1.00231,1.00231,1.852e+13,478.080,478.080,0.16753,1,1,1,1,1,1,0.10379594,0.10379594,0.10379594
1.00231,2809485092,0.00000,-1,2,-1,-1,-1,0,1.74900e+13,1.74900e+13,527.722000,56.211000,495.520000,1,0.93397,460.130000,16.41013,48.82046,39.57548,57.360,271.340,-475.270,-5.746e+13,8.951e+12,1.579e+14,0.02879,168955408,168955408,2809485092,235633,177,-1,168969469,168955578,0.16632,2809473690,49.9848,17503000000000,18901000000000,15061000000000,11781000000000,6381400000000,22.998,160.73,0.03409,0.72289,0.47608,-2.84781,35.3201,-0.33463,0.59616,0.3974,-3.29305,30.1907,-2.67962,0.7126,20310000000000,10290000000000,1.74900e+13,1.74900e+13,460.130000,460.130000,0.76690,4.578e+02,4.578e+02,3.551e+03,2.681e+03,2.187e+03,1.002e+00,1.00231,1.00231,1.749e+13,460.130,460.130,0.19178,0,0,0,0,0,0,0.31802103,0.31802103,0.31802103
1.00231,2810829275,0.00000,-1,2,-1,-1,-1,0,1.74200e+13,1.74200e+13,527.003000,76.056000,440.800000,1,0.25306,423.030000,38.89804,10.28907,11.57269,-12.220,302.640,-91.900,1.391e+14,-6.979e+13,-5.289e+13,0.03149,169371206,169371206,2810829275,1579816,177,-1,169384604,169371366,0.27455,2810828850,74.5185,17458000000000,19298000000000,15021000000000,10981000000000,4511200000000,24.7377,33.35,0.03352,0.87104,0.66861,2.33656,17.4273,22.2507,0.93305,0.60988,4.22717,10.2573,18.7706,0.6124,19140000000000,12290000000000,1.74200e+13,1.74200e+13,423.030000,440.000000,0.49606,2.380e+03,2.380e+03,1.601e+03,1.272e+03,7.270e+02,1.002e+00,1.00231,1.00231,1.742e+13,423.030,423.030,0.24626,0,0,0,1,1,1,0.057862822,0.40173721,0.40173721
1.00231,2810842171,0.00000,-1,2,-1,-1,-1,0,1.83033e+13,1.69500e+13,522.215000,86.007000,417.610000,1,0.75931,409.090000,42.59574,16.17524,16.75507,-46.360,140.300,-105.680,-2.501e+14,-2.439e+13,2.015e+13,0.05209,171560284,171560284,2810842171,1592712,177,-1,171575169,171560457,0.25503,2810841479,84.9004,16953000000000,19318000000000,13465000000000,9756700000000,4215700000000,18.4814,35.31,0.05381,0.78521,0.59946,-9.3511,21.035,14.6944,0.71471,0.52579,-6.5817,16.9743,10.4757,0.573,17090000000000,12340000000000,1.69500e+13,1.83600e+13,409.090000,490.870000,0.72894,-5.493e+02,-5.493e+02,-2.621e+02,1.855e+03,1.850e+03,9.112e-01,1.00231,1.00231,1.695e+13,409.090,417.610,0.25627,0,1,1,1,1,1,0.22153278,0.35232782,0.35232782
1.00231,2811031990,0.00000,-1,5,-1,-1,-1,0,1.68500e+13,1.68500e+13,521.178000,71.828000,458.540000,1,0.65300,422.000000,40.05647,48.59821,6.13285,-85.440,-120.760,114.120,-1.369e+14,4.133e+13,2.968e+14,0.06053,171961855,171961855,2811031990,1782531,177,-1,171977946,171962016,0.19646,2811031639,70.3392,16871000000000,19644000000000,13801000000000,10235000000000,4535200000000,29.1436,64.51,0.07104,0.70508,0.47223,30.2198,-7.5649,13.1618,0.71518,0.39861,23.4213,-8.28334,10.0937,0.6786,17930000000000,11250000000000,1.68500e+13,1.68500e+13,422.000000,439.990000,0.64793,1.831e+03,1.831e+03,2.144e+03,7.602e+02,1.239e+03,1.002e+00,1.00231,1.00231,1.685e+13,422.000,422.000,0.20553,0,0,0,1,1,1,0.059081934,0.8803457,0.8803457
1.00231,2810868440,0.00000,-1,1,-1,-1,-1,0,1.64346e+13,1.62700e+13,515.091000,52.686000,430.900000,1,0.34925,443.990000,46.45709,8.38520,39.93888,-118.370,-57.760,64.830,1.886e+13,2.408e+14,-9.963e+12,0.05913,174875806,174875806,2810868440,1618981,177,-1,174899245,174875970,0.54940,2810866534,51.3368,16474000000000,17512000000000,14002000000000,10683000000000,5750800000000,8.40498,17.93,0.05529,0.7207,0.55706,26.1909,-2.31834,7.37863,0.6774,0.49323,21.5597,-0.36925,5.74363,0.5474,18180000000000,9028000000000,1.62700e+13,1.62700e+13,443.990000,518.710000,0.38975,6.409e+02,6.409e+02,3.065e+02,8.837e+01,0.000e+00,6.226e-01,1.00231,1.00231,1.627e+13,443.990,452.300,0.53617,0,0,0,1,1,1,0.73154598,0.35598096,0.35598096
1.00231,2809485132,0.00000,-1,1,-1,-1,-1,0,1.61500e+13,1.61500e+13,513.814000,47.588000,443.480000,1,0.43025,448.520000,16.39010,45.01700,36.64877,-139.430,79.030,-545.280,8.954e+12,-3.608e+13,1.305e+14,0.03253,175447875,175447875,2809485132,235673,177,-1,175466104,175448046,0.21275,2809485092,48.4224,16161000000000,17310000000000,13399000000000,10984000000000,5864100000000,23.225,26.93,0.03142,0.73249,0.56991,19.287,20.3264,-2.95561,0.72218,0.54437,14.6477,18.0009,-0.206,0.578,19380000000000,8720000000000,1.61500e+13,1.61500e+13,448.520000,503.370000,0.43531,7.324e+02,7.324e+02,8.730e+02,7.564e+02,5.884e+02,1.002e+00,1.00231,1.00231,1.615e+13,448.520,448.520,0.22063,0,0,0,1,1,1,0.098184623,0.098184623,0.098184623
1.00231,2809461578,0.00000,-1,2,-1,-1,-1,0,2.01695e+13,1.56800e+13,508.801000,78.476000,419.680000,1,0.78209,403.810000,18.27118,46.99364,11.10535,63.820,61.740,126.010,-1.433e+14,5.244e+13,4.835e+13,0.03606,177590020,177590020,2809461578,212119,177,-1,177608534,177590174,0.50285,2809460954,76.6416,15804000000000,19368000000000,11874000000000,8645000000000,4306200000000,16.3284,18.54,0.03892,0.6295,0.49024,2.36251,23.8079,16.2403,0.5758,0.50007,3.6107,17.88,11.9613,0.6084,19310000000000,10330000000000,1.56800e+13,2.02300e+13,403.810000,525.520000,0.75931,-1.465e+03,-1.465e+03,-2.082e+03,1.586e+03,2.109e+03,8.884e-01,1.00231,1.00231,1.568e+13,403.810,434.270,0.46869,1,1,1,1,1,1,0.40758908,0.40758908,0.20888506
1.00231,2810868381,0.00000,-1,1,-1,-1,-1,0,1.66525e+13,1.55200e+13,507.106000,51.257000,425.390000,1,0.26318,438.790000,43.82576,2.05619,48.43619,181.270,-28.670,-214.920,-2.140e+13,-6.208e+13,-2.957e+13,0.01904,178380172,178380172,2810868381,1618922,177,-1,178395802,178380339,0.45373,2810867079,49.6795,15721000000000,16949000000000,13193000000000,10087000000000,5463300000000,13.8389,43.4,0.01781,0.91613,0.66079,-14.0382,-0.10909,16.7309,0.95918,0.6294,-10.7215,-1.09823,13.6594,0.5478,17200000000000,8466000000000,1.55200e+13,1.66600e+13,438.790000,455.570000,0.44037,-2.747e+02,-2.747e+02,-4.161e+02,2.506e+02,6.966e+02,9.036e-01,1.00231,1.00231,1.552e+13,438.790,455.570,0.48215,1,1,1,1,1,1,0.71703768,0.71703768,0.71703768
1.00231,2809286321,0.00000,-1,4,-1,-1,-1,0,1.46267e+13,1.46100e+13,496.969000,144.661000,390.890000,1,0.85803,376.850000,27.45556,19.62786,38.47743,-32.130,78.870,-316.260,-1.034e+14,2.504e+13,-2.605e+11,0.02466,182669450,182669450,2809286321,36862,177,-1,182679025,182669608,0.14282,2809285813,100.153,14614000000000,15391000000000,12256000000000,7303900000000,1739500000000,58.0745,83.02,0.02911,0.32703,0.22992,17.2787,47.3764,28.5221,0.21442,0.16424,11.6507,35.4394,19.3473,0.6248,15440000000000,15320000000000,1.46100e+13,1.46500e+13,376.850000,472.140000,0.82765,-3.662e+02,-3.662e+02,1.074e+03,2.048e+03,1.797e+03,9.947e-01,1.00231,1.00231,1.461e+13,376.850,380.930,0.14011,1,1,1,1,1,1,0.19768359,0,0.32713571
1.00231,2809450663,0.00000,-1,2,-1,-1,-1,0,1.37300e+13,1.37300e+13,486.808000,38.563000,452.770000,1,0.28850,432.870000,11.54091,40.22961,5.05942,48.200,184.270,215.210,4.666e+13,6.450e+13,1.370e+13,0.02501,187664719,187664719,2809450663,201204,177,-1,187679663,187664882,0.16866,2809460954,42.3697,13734000000000,14445000000000,12273000000000,10213000000000,5321100000000,13.904,51.32,0.0245,0.66812,0.5588,-3.95521,25.3492,0.94821,0.6787,0.49567,-3.31567,21.1794,0.66141,0.6208,17700000000000,6668000000000,1.37300e+13,1.37300e+13,432.870000,449.110000,0.44037,5.493e+02,5.493e+02,1.271e+03,8.382e+02,7.342e+02,1.002e+00,1.00231,1.00231,1.373e+13,432.870,432.870,0.15766,0,1,1,1,1,1,0.72338486,0.72338486,0.72338486
1.00231,2809251701,0.00000,-1,4,-1,-1,-1,0,1.35100e+13,1.35100e+13,484.198000,117.109000,384.840000,1,0.57200,353.080000,9.05092,0.51841,8.22403,52.060,-442.480,112.770,3.067e+13,-4.256e+13,1.583e+14,0.04416,188985506,188985506,2809251701,2242,177,-1,188998329,188985670,0.42995,2810631618,139.163,13871000000000,15514000000000,9724600000000,6368700000000,2840500000000,48.4823,76.58,0.05196,0.61798,0.4194,-10.219,19.982,23.3076,0.87032,0.48919,-4.62366,-3.34709,18.5838,0.6368,13550000000000,13190000000000,1.35100e+13,1.35100e+13,353.080000,362.310000,0.59731,8.240e+02,8.240e+02,1.364e+03,1.026e+03,9.604e+02,1.002e+00,1.00231,1.00231,1.351e+13,353.080,353.080,0.40119,0,0,0,1,1,1,0.92743301,0.92743301,0.92743301
1.00231,2809264035,0.00000,-1,2,-1,-1,-1,0,1.32800e+13,1.32800e+13,481.422000,49.948000,398.430000,1,0.42012,408.840000,17.60117,16.19213,12.11296,99.980,-2.120,8.010,5.002e+13,1.980e+13,-6.105e+13,0.02771,190229839,190229839,2809264035,14576,177,-1,190245305,190229955,0.34573,2809250167,51.3534,13409000000000,14262000000000,11614000000000,9255200000000,4331000000000,10.2599,25.99,0.02609,0.96899,0.77856,-0.61536,24.6521,-3.69142,0.96654,0.7277,-1.36225,19.5273,7.11727,0.546,15760000000000,7710000000000,1.32800e+13,1.32800e+13,408.840000,427.420000,0.44037,7.324e+02,7.324e+02,2.308e+02,2.283e+02,4.669e+02,1.002e+00,1.00231,1.00231,1.328e+13,408.840,408.840,0.35017,1,0,0,1,1,1,0.3868663,0.27417114,0.23780094
1.00231,2810868556,0.00000,-1,2,-1,-1,-1,0,1.29000e+13,1.29000e+13,476.819000,53.942000,433.960000,1,0.52644,412.310000,37.77947,14.43943,48.45704,80.210,193.610,-386.120,-9.080e+13,-7.014e+13,8.932e+13,0.04426,192762329,192762329,2810868556,1619097,177,-1,192773838,192762488,0.38231,2810866744,46.8526,12925000000000,13861000000000,11365000000000,9235400000000,3755000000000,36.5939,74.62,0.04892,0.6532,0.52214,-13.9509,25.7533,5.8309,0.54895,0.42706,-12.4067,20.3741,8.36536,0.6652,16070000000000,8385000000000,1.29000e+13,1.29000e+13,412.310000,422.610000,0.59731,1.831e+02,1.831e+02,1.255e+03,9.365e+02,8.418e+02,1.002e+00,1.00231,1.00231,1.290e+13,412.310,412.310,0.37922,0,0,0,1,1,1,0.10491282,0.12254821,0.12254821
1.00231,2811054636,0.00000,-1,1,-1,-1,-1,0,1.28000e+13,1.28000e+13,475.478000,56.085000,403.510000,1,0.75172,401.790000,43.08925,47.77982,39.12850,635.720,226.520,-286.900,1.378e+13,3.856e+13,-5.200e+13,0.02188,193339583,193339583,2811054636,1805177,177,-1,193352391,193339753,0.87575,2811054685,51.9048,12876000000000,14975000000000,9987000000000,7503000000000,4032700000000,14.5045,11.43,0.02258,0.74661,0.64865,17.8439,-7.70405,7.93669,0.65398,0.59928,14.4015,-4.66439,7.26046,0.603,13060000000000,7303000000000,1.28000e+13,1.28800e+13,401.790000,468.690000,0.72894,4.578e+02,4.578e+02,2.569e+02,1.484e+03,1.309e+03,9.340e-01,1.00231,1.00231,1.280e+13,401.790,391.030,0.67956,1,0,1,1,1,1,0.26094112,0.039208673,0.040231742
1.00231,2809263977,0.00000,-1,2,-1,-1,-1,0,1.27000e+13,1.27000e+13,474.344000,110.820000,396.450000,1,0.87322,366.420000,27.26270,22.52175,14.36131,-25.040,-61.160,-20.960,1.568e+13,9.545e+12,-1.192e+13,0.00592,193950954,193950954,2809263977,14518,177,-1,193962386,193951113,0.23860,2809273990,84.1669,12718000000000,13414000000000,10716000000000,7093000000000,1421000000000,46.5507,66.84,0.00756,0.51922,0.41431,-11.8627,-12.3562,39.8186,0.41846,0.30916,-6.56775,-11.5793,28.1717,0.6914,13430000000000,12140000000000,1.27000e+13,1.27000e+13,366.420000,398.140000,0.82765,3.662e+03,3.662e+03,2.408e+03,2.425e+03,1.870e+03,1.002e+00,1.00231,1.00231,1.270e+13,366.420,366.420,0.23408,0,0,0,1,1,1,0.46908003,0.46908003,1.6680145
1.00231,2809450834,0.00000,-1,1,-1,-1,-1,0,1.21100e+13,1.21100e+13,466.774000,58.354000,380.490000,1,0.54668,383.150000,26.46243,35.05331,5.67602,-99.440,112.260,333.180,1.551e+14,-4.066e+13,6.993e+13,0.06665,198152388,198152388,2809450834,201375,177,-1,198167327,198152550,0.52612,2809448871,58.6933,12211000000000,13470000000000,10355000000000,7540200000000,3656000000000,16.3217,34.1,0.06546,0.80221,0.63169,-6.93308,-15.1665,21.4056,0.72169,0.56655,-5.26615,-14.6725,14.7889,0.5598,13120000000000,7507000000000,1.21100e+13,1.21100e+13,383.150000,423.730000,0.54162,3.662e+02,3.662e+02,2.827e+02,4.360e+02,6.865e+02,1.002e+00,1.00231,1.00231,1.211e+13,383.150,383.150,0.52653,0,1,1,1,1,1,0.040953532,0.10498046,0.10498046
1.00231,2810829646,0.00000,-1,3,-1,-1,-1,0,1.19100e+13,1.19100e+13,464.215000,86.239000,362.980000,1,0.82006,357.560000,42.97174,0.25219,9.76770,-279.160,238.880,-38.810,-1.892e+13,-5.545e+13,-1.232e+14,0.04980,199520774,199520774,2810829646,1580187,177,-1,199529510,199520937,0.19584,2810842280,83.9448,11926000000000,12752000000000,9735000000000,5882100000000,2991300000000,29.4676,16.02,0.05246,0.68235,0.56767,9.47528,29.3115,2.60921,0.46033,0.43848,4.78379,23.5486,0.5568,0.5692,12360000000000,9696000000000,1.19100e+13,1.19100e+13,357.560000,412.300000,0.80487,2.747e+02,2.747e+02,7.310e+02,1.762e+03,1.288e+03,1.002e+00,1.00231,1.00231,1.191e+13,357.560,357.560,0.20091,0,0,0,1,1,1,0.00040054394,0.00040054394,0.00040054394
1.00231,2809251790,0.00000,-1,1,-1,-1,-1,0,1.18200e+13,1.18200e+13,463.113000,34.506000,409.680000,1,0.17206,425.890000,28.07061,14.28200,3.95372,-80.730,-66.110,507.440,-1.034e+14,1.968e+13,-4.663e+13,0.05010,200257872,200257872,2809251790,2331,177,-1,200270560,200258040,0.54545,2809250838,35.0968,12002000000000,12771000000000,10363000000000,8381200000000,4983100000000,13.3139,15.57,0.0448,0.97771,0.69657,8.9539,16.8908,8.83077,0.92918,0.68328,8.26457,15.0169,4.80265,0.5528,14970000000000,5629000000000,1.18200e+13,1.18200e+13,425.890000,456.660000,0.49100,5.493e+02,5.493e+02,3.251e+02,3.431e+02,1.424e+02,1.002e+00,1.00231,1.00231,1.182e+13,425.890,425.890,0.54220,1,1,1,1,1,1,0.97721863,0.97721863,0.97721863
1.00231,2810868632,0.00000,-1,1,-1,-1,-1,0,1.18433e+13,1.17700e+13,462.424000,77.236000,375.280000,1,0.69097,360.650000,30.71654,16.64237,41.89286,64.500,218.740,-299.390,5.716e+13,6.404e+12,-4.899e+13,0.02774,200690136,200690136,2810868632,1619173,177,-1,200704340,200690289,0.19989,2809286321,77.2359,11771000000000,12954000000000,9179300000000,6481600000000,3057600000000,39.7253,23.95,0.02963,0.55,0.50147,-8.85297,26.6732,-3.46608,0.49881,0.48876,-6.16942,19.6791,-0.08826,0.5962,11940000000000,8546000000000,1.17700e+13,1.18600e+13,360.650000,420.930000,0.62769,-3.662e+02,-3.662e+02,3.943e+01,4.333e+02,9.982e+02,9.719e-01,1.00231,1.00231,1.177e+13,360.650,364.890,0.18875,0,0,0,1,1,1,0.091417424,0.091417424,0.091417424
1.00231,2809450965,0.00000,-1,3,-1,-1,-1,0,1.17900e+13,1.15900e+13,460.064000,112.824000,362.550000,1,0.71375,335.460000,26.86191,34.60337,2.08368,-87.130,63.210,441.760,-8.889e+13,4.137e+13,-1.177e+14,0.05213,201986183,201986183,2809450965,201506,177,-1,201995115,201986339,0.34465,2809450326,132.308,11633000000000,13303000000000,8559900000000,5343100000000,2436800000000,35.3179,53.59,0.06162,0.65575,0.39125,31.4547,18.6929,-0.84332,0.77748,0.47864,17.571,6.24217,-12.8472,0.6334,11640000000000,11410000000000,1.15900e+13,1.17900e+13,335.460000,370.340000,0.72894,-1.831e+02,-1.831e+02,6.925e+02,1.310e+03,1.470e+03,9.416e-01,1.00231,1.00231,1.159e+13,335.460,338.770,0.33670,1,1,1,1,1,1,0.7354126,0.7354126,0.7354126
1.00231,2810842766,0.00000,-1,1,-1,-1,-1,0,1.15500e+13,1.15500e+13,459.475000,50.369000,394.780000,1,0.18725,393.160000,35.02457,18.64694,13.54722,-119.130,94.620,-182.450,2.629e+13,7.230e+13,4.509e+12,0.03096,202351362,202351362,2810842766,1593307,177,-1,202366428,202351531,0.15249,2809273990,47.3378,11548000000000,12900000000000,9558000000000,7400000000000,3999500000000,13.4628,17.56,0.0312,0.59163,0.47516,22.9028,-5.89503,13.7322,0.57306,0.46617,18.5738,-3.9881,10.6588,0.5964,12640000000000,6649000000000,1.15500e+13,1.15500e+13,393.160000,427.210000,0.44037,2.747e+02,2.747e+02,3.766e+02,5.072e+02,4.290e+02,1.002e+00,1.00231,1.00231,1.155e+13,393.160,393.160,0.15675,0,0,0,1,1,1,0.48941422,0.48941422,0.48941422
1.00231,2809274333,0.00000,-1,3,-1,-1,-1,0,1.16033e+13,1.15000e+13,458.804000,50.774000,380.590000,1,0.40494,386.580000,9.43404,10.58843,20.04642,-63.460,188.200,-308.360,-2.581e+13,2.550e+13,2.442e+13,0.01824,202611361,202611361,2809274333,24874,177,-1,202625395,202611528,0.23945,2810640408,50.7739,11498000000000,13010000000000,9349700000000,7094500000000,3755100000000,19.0442,18.92,0.01784,0.71883,0.53294,1.65005,24.6455,-4.81123,0.67453,0.4943,0.42124,19.7351,-4.46877,0.5656,12090000000000,6459000000000,1.15000e+13,1.16100e+13,386.580000,438.360000,0.43025,-1.831e+02,-1.831e+02,-1.909e+01,4.723e+02,9.018e+02,9.567e-01,1.00231,1.00231,1.150e+13,386.580,390.120,0.22267,0,0,0,1,1,1,0.11013031,0.070684567,0.070684567
1.00231,2809450908,0.00000,-1,1,-1,-1,-1,0,1.14000e+13,1.14000e+13,457.572000,46.917000,392.860000,1,0.58212,385.240000,22.15811,34.26099,9.36198,12.360,251.500,19.320,4.051e+13,7.870e+13,1.513e+14,0.07483,203394060,203394060,2809450908,201449,177,-1,203404800,203394231,0.39941,2809448871,50.8274,11417000000000,12307000000000,10320000000000,7752500000000,3752400000000,24.0007,48.71,0.07248,0.73312,0.60776,-0.41818,19.6061,-12.9037,0.63235,0.54052,0.26594,15.4777,-11.244,0.578,13340000000000,6354000000000,1.14000e+13,1.14000e+13,385.240000,447.270000,0.53150,2.747e+02,2.747e+02,6.474e+02,2.710e+02,8.731e+01,1.002e+00,1.00231,1.00231,1.140e+13,385.240,385.240,0.39555,0,1,1,1,1,0,0.42861241,0.26333925,0.26333925
1.00231,2810842976,0.00000,-1,1,-1,-1,-1,0,1.13900e+13,1.13900e+13,457.435000,37.125000,401.040000,1,0.30875,413.320000,34.05380,14.37041,20.77669,10.550,308.220,-257.970,-5.514e+13,-4.131e+13,3.643e+13,0.03537,203433700,203433700,2810842976,1593517,177,-1,203445314,203433874,0.21052,2810841479,37.2388,11394000000000,12280000000000,9970200000000,7916800000000,4454400000000,8.61683,17.56,0.03227,0.80204,0.65703,15.9607,-9.75323,8.92861,0.7349,0.56284,12.7695,-9.35295,7.886,0.5582,13730000000000,5571000000000,1.13900e+13,1.13900e+13,413.320000,457.460000,0.44543,1.831e+02,1.831e+02,3.243e+02,3.356e+02,4.033e+02,1.002e+00,1.00231,1.00231,1.139e+13,413.320,413.320,0.21208,1,1,1,1,1,1,0.10131836,0.10131836,0.10131836
1.00231,2811056650,0.00000,-1,2,-1,-1,-1,0,1.12100e+13,1.12100e+13,454.918000,51.479000,376.560000,1,0.15687,379.990000,32.72400,47.72923,38.22223,222.850,281.640,-236.890,-6.900e+12,-4.001e+13,-1.244e+13,0.01895,204863325,204863325,2811056650,1807191,177,-1,204879154,204863489,0.22624,2811056350,52.4759,11222000000000,12061000000000,9522700000000,7230000000000,3592100000000,6.27562,10.69,0.01807,0.57256,0.55912,22.6037,2.20034,10.1464,0.54016,0.50526,17.9681,2.17791,8.24275,0.5522,12310000000000,6587000000000,1.12100e+13,1.12100e+13,379.990000,420.420000,0.44543,2.747e+02,2.747e+02,2.648e+02,3.498e+02,3.464e+02,1.002e+00,1.00231,1.00231,1.121e+13,379.990,379.990,0.21707,0,0,0,1,1,1,0.0083022453,0.0083022453,0.0083022453
1.00231,2810868805,0.00000,-1,2,-1,-1,-1,0,1.10700e+13,1.10700e+13,453.019000,70.644000,373.250000,1,0.57706,356.940000,45.13966,4.75645,44.28692,25.130,42.300,-40.790,1.665e+14,8.128e+13,-8.504e+13,0.08210,206062371,206062371,2810868805,1619346,177,-1,206073675,206062527,0.52564,2810866534,71.1523,11307000000000,11777000000000,9517400000000,6548400000000,2749100000000,28.6083,78.04,0.0886,0.68496,0.54319,16.7482,-15.4016,18.6701,0.8007,0.55565,14.514,-12.3999,8.67762,0.6106,11930000000000,7833000000000,1.10700e+13,1.10700e+13,356.940000,367.110000,0.58719,3.662e+02,3.662e+02,8.773e+02,5.866e+02,6.750e+02,1.002e+00,1.00231,1.00231,1.107e+13,356.940,356.940,0.52031,1,1,1,0,0,0,0.65775716,0.65775716,0.65775716
1.00231,2810829751,0.00000,-1,2,-1,-1,-1,0,1.09300e+13,1.09300e+13,451.100000,54.999000,395.170000,1,0.34925,372.120000,33.40841,3.19825,8.37778,-248.040,188.180,-107.280,2.181e+13,8.920e+12,9.906e+12,0.01048,207151153,207151153,2810829751,1580292,177,-1,207162414,207151315,0.14603,2809251418,55.3296,10945000000000,11881000000000,9432200000000,7064000000000,3336100000000,21.3425,10.18,0.01135,0.71003,0.5344,25.1484,7.15857,-5.22827,0.78591,0.51082,19.3838,4.80278,-4.71039,0.6416,12090000000000,6841000000000,1.09300e+13,1.09300e+13,372.120000,391.530000,0.47075,6.409e+02,6.409e+02,1.062e+03,7.561e+02,7.930e+02,1.002e+00,1.00231,1.00231,1.093e+13,372.120,372.120,0.14446,1,1,1,1,1,1,0.2838389,0.2838389,0.2838389
1.00231,2809460964,0.00000,-1,1,2809460954,2809460954,-1,0,1.07700e+13,1.07700e+13,448.901000,68.270000,357.470000,1,0.61250,365.940000,20.23064,45.24676,11.69307,-81.410,263.860,119.870,-2.492e+13,-6.512e+12,-1.410e+13,0.01317,208305346,208305346,2809460964,211505,177,-1,208319891,208305511,1.67441,2809460954,58.4759,10930000000000,11517000000000,9065400000000,6515100000000,2854600000000,22.3197,57,0.01336,0.66029,0.57233,8.88823,26.9978,-0.36354,0.51949,0.47238,8.41161,21.2141,-3.13967,0.567,11460000000000,7709000000000,1.47400e+13,1.78800e+13,395.340000,441.770000,0.55175,1.923e+03,1.923e+03,-2.892e+03,-1.177e+03,7.953e+02,9.871e-01,0.76690,0.76690,1.474e+13,395.340,409.380,1.73966,1,1,1,1,1,1,0.37697375,0.37697375,0.37697375
1.00231,2809474009,0.00000,-1,1,-1,-1,-1,0,1.07700e+13,1.07700e+13,448.942000,123.233000,365.520000,1,0.81247,334.530000,16.82778,45.90591,32.99632,-175.170,122.050,-233.580,-4.520e+13,1.570e+14,1.337e+14,0.07790,208319892,208319892,2809474009,224550,177,-1,208326097,208320057,0.25433,2809485132,103.872,10929000000000,12178000000000,8430000000000,5469400000000,1724200000000,61.0325,82.46,0.09601,0.43743,0.32135,34.6367,5.23143,5.23767,0.30612,0.2366,26.4489,5.10945,2.64756,0.6628,10910000000000,11360000000000,1.07700e+13,1.07700e+13,334.530000,360.930000,0.78969,2.747e+02,2.747e+02,6.720e+02,1.571e+03,1.352e+03,1.002e+00,1.00231,1.00231,1.077e+13,334.530,334.530,0.24314,0,1,0,1,1,1,0.0043372004,0.92658234,0.14169629
1.00231,2809261944,0.00000,-1,1,-1,-1,-1,0,1.06333e+13,1.05100e+13,445.265000,86.672000,348.250000,1,0.78969,340.110000,8.68457,21.22444,16.74025,504.700,451.560,253.730,6.279e+13,2.709e+13,4.302e+13,0.03591,210377971,210377971,2809261944,12485,177,-1,210390180,210378133,0.55049,2809262131,85.1859,10690000000000,11726000000000,8029400000000,5325000000000,2475300000000,6.91266,31.65,0.03827,0.58261,0.51127,-14.7227,13.027,17.3315,0.53516,0.48365,-11.3551,9.47847,12.3543,0.5808,10530000000000,8497000000000,1.05100e+13,1.06800e+13,340.110000,416.450000,0.77450,-1.831e+02,-1.831e+02,5.963e+02,1.599e+03,1.353e+03,9.719e-01,1.00231,1.00231,1.051e+13,340.110,343.630,0.51932,0,0,0,1,0,0,0.59600705,0.59600705,0.59600705
1.00231,2810843026,0.00000,-1,2,-1,-1,-1,0,1.08400e+13,1.04700e+13,444.745000,79.969000,352.630000,1,0.75931,340.990000,46.85759,25.14472,13.87135,67.710,53.260,-215.140,-3.013e+13,-8.139e+12,-9.253e+13,0.04389,210691795,210691795,2810843026,1593567,177,-1,210705141,210691943,0.16023,2810841035,82.9339,10488000000000,11878000000000,8406500000000,5816800000000,2397600000000,15.7971,29.39,0.04653,0.67549,0.54011,21.093,23.2387,2.6266,0.56228,0.48506,15.9916,17.5043,2.38211,0.5826,10580000000000,8198000000000,1.04700e+13,1.08600e+13,340.990000,405.350000,0.74412,-2.747e+02,-2.747e+02,1.413e+01,1.314e+03,1.146e+03,9.340e-01,1.00231,1.00231,1.047e+13,340.990,364.740,0.16023,0,0,0,1,1,1,0.92745286,0.92745286,0.92745286
1.00231,2810842906,0.00000,-1,2,-1,-1,-1,0,1.03406e+13,1.02400e+13,441.394000,55.772000,367.700000,1,0.41506,368.980000,45.16240,22.02113,14.48310,28.590,164.110,-140.350,1.945e+13,5.600e+13,-6.572e+13,0.04233,212545974,212545974,2810842906,1593447,177,-1,212557720,212546125,0.24945,2810843026,50.7274,10246000000000,12010000000000,8274400000000,6103500000000,3272700000000,15.4566,29.23,0.0438,0.81032,0.70623,22.7079,0.22904,8.23679,0.74232,0.65263,17.4496,-2.01371,7.50693,0.5952,10420000000000,6188000000000,1.02400e+13,1.03500e+13,368.980000,382.870000,0.44543,4.578e+02,4.578e+02,-3.347e+01,6.052e+02,8.340e+02,8.732e-01,1.00231,1.00231,1.024e+13,368.980,350.630,0.25711,1,0,0,1,1,0,0.85271502,0.31799445,1.0640864
1.00231,2809262770,0.00000,-1,1,-1,-1,-1,0,1.03633e+13,1.02100e+13,441.027000,46.989000,403.530000,1,0.12312,370.160000,10.99034,20.15137,14.53366,-351.950,253.150,112.040,3.595e+13,-4.508e+13,3.648e+13,0.03044,212858484,212858484,2809262770,13311,177,-1,212871708,212858648,1.12466,2809262947,49.7149,10284000000000,11444000000000,8888700000000,6997800000000,3281400000000,14.5333,62.2,0.03391,0.76361,0.57209,-5.73925,16.163,16.8046,0.66958,0.49394,-6.16898,13.2348,13.6274,0.6758,11910000000000,5979000000000,1.02100e+13,1.04100e+13,370.160000,403.490000,0.52137,-1.831e+02,-1.831e+02,1.239e+02,5.056e+02,3.654e+02,9.643e-01,1.00231,1.00231,1.021e+13,370.160,373.030,1.01830,0,0,0,1,1,1,0.99129224,0.99129224,0.99129224
1.00231,2810841528,0.00000,-1,1,-1,-1,-1,0,1.02528e+13,1.01700e+13,440.484000,58.111000,361.080000,1,0.53656,355.310000,41.48310,14.19373,24.43622,-104.500,380.590,-429.240,4.855e+13,5.670e+11,-9.726e+13,0.05448,213234092,213234092,2810841528,1592069,177,-1,213244531,213234265,0.64180,2810841479,60.6602,10222000000000,11066000000000,8712500000000,6177700000000,2946500000000,11.1441,12.28,0.05436,0.81623,0.68912,6.81232,19.5724,-0.44744,0.74177,0.62806,8.85089,13.1896,1.91321,0.5702,10990000000000,6495000000000,1.01700e+13,1.02600e+13,355.310000,401.290000,0.53656,1.831e+02,1.831e+02,3.990e+02,1.193e+02,9.433e+01,6.986e-01,1.00231,1.00231,1.017e+13,355.310,378.630,0.59930,1,1,1,1,1,1,0.93317002,0.93317002,0.93317002
1.00231,2810829682,0.00000,-1,2,-1,-1,-1,0,1.01300e+13,1.01300e+13,439.866000,49.654000,368.630000,1,0.41000,361.790000,37.85410,12.52950,1.11091,13.270,263.490,-65.270,4.919e+13,-1.429e+14,1.250e+14,0.08951,213585586,213585586,2810829682,1580223,177,-1,213595767,213585752,0.26015,2811020706,54.7509,10151000000000,11726000000000,7247600000000,5694900000000,3093000000000,59.7672,71.09,0.09877,0.86673,0.55546,2.88254,-10.8725,19.7877,0.74296,0.47086,3.19367,-9.69384,16.4986,0.6326,10270000000000,5407000000000,1.01300e+13,1.01300e+13,361.790000,366.180000,0.45556,2.893e+03,2.893e+03,1.364e+03,8.449e+02,7.435e+02,1.002e+00,1.00231,1.00231,1.013e+13,361.790,361.790,0.25526,1,1,1,1,1,1,0.38912717,0.38912717,0.38912717
1.00231,2810867304,0.00000,-1,1,2810867079,2810867079,-1,0,1.00600e+13,1.00600e+13,438.798000,29.536000,442.190000,1,0.67831,398.500000,43.00809,4.14646,46.17436,126.030,-640.980,-679.770,5.115e+12,-1.318e+12,3.563e+13,0.01651,214187271,214187271,2810867304,1617845,177,-1,214207059,214187429,3.41429,2810867079,34.9842,11706000000000,10720000000000,9186900000000,7657400000000,4106900000000,13.8565,80.35,0.01836,0.78315,0.54229,19.5767,-7.34743,-6.94487,0.69027,0.51711,17.7322,-2.62404,-4.80369,0.719,13090000000000,4325000000000,9.72000e+12,1.57700e+13,380.720000,474.070000,0.65806,-9.155e+01,-9.155e+01,-2.586e+02,-1.386e+03,1.414e+03,7.213e-01,0.91878,0.91878,9.720e+12,380.720,455.670,1.76875,1,1,1,1,1,1,0.98599583,0.98599583,0.98599583
1.00231,2810854007,0.00000,-1,1,-1,-1,-1,0,1.00300e+13,1.00300e+13,438.383000,44.836000,369.270000,1,0.34418,374.120000,31.51560,26.59123,24.71690,-58.590,116.160,-195.950,-3.279e+12,-3.436e+13,-2.946e+13,0.02444,214433072,214433072,2810854007,1604548,177,-1,214448169,214433237,0.18654,2809273990,45.7167,10029000000000,10681000000000,8686600000000,6861000000000,3389900000000,5.57248,16.85,0.02324,0.85359,0.63826,-8.38612,14.0081,18.7375,0.7998,0.55378,-6.81651,12.4489,15.2455,0.5592,11690000000000,5651000000000,1.00300e+13,1.00300e+13,374.120000,422.140000,0.45556,9.155e+01,9.155e+01,1.846e+02,2.732e+02,1.685e+02,1.002e+00,1.00231,1.00231,1.003e+13,374.120,374.120,0.19005,1,1,1,1,1,1,0.21929033,0.21929033,0.21929033
1.00231,2809484801,0.00000,-1,1,-1,-1,-1,0,2.08166e+13,9.96700e+12,437.482000,80.599000,360.460000,1,0.67831,339.990000,15.16550,40.14436,34.43116,-264.470,-111.470,-354.280,6.823e+13,-6.571e+12,8.552e+13,0.04967,215021911,215021911,2809484801,235342,177,-1,215031527,215022066,0.39116,2809483946,74.6908,10210000000000,15339000000000,7528300000000,5005100000000,2567600000000,25.9341,19.66,0.05671,0.76459,0.53659,-13.6523,-12.7517,14.1614,0.70818,0.60334,-9.79987,-3.6041,12.3734,0.6374,14080000000000,7614000000000,9.96700e+12,2.09300e+13,339.990000,478.390000,0.66312,9.430e+02,9.430e+02,-7.213e+02,-2.631e+03,1.987e+03,7.593e-01,1.00231,1.00231,9.967e+12,339.990,452.060,0.39676,0,0,0,1,1,1,0.56871033,0.56871033,1.0685695
1.00231,2810853223,0.00000,-1,1,-1,-1,-1,0,1.17367e+13,9.93500e+12,437.012000,37.510000,385.590000,1,0.12650,386.760000,45.91246,11.82185,35.82020,-227.460,293.630,-350.660,-3.229e+13,6.245e+12,-2.030e+13,0.02127,215259574,215259574,2810853223,1603764,177,-1,215270389,215259739,0.98703,2810853065,38.808,10306000000000,10936000000000,8616600000000,6883000000000,3783500000000,3.19212,19.93,0.02011,0.84719,0.65467,0.8345,16.4709,-14.7982,0.89206,0.65172,1.75435,12.7669,-12.6024,0.579,11890000000000,5042000000000,9.93500e+12,1.17700e+13,386.760000,445.300000,0.37962,8.240e+01,8.240e+01,-9.085e+02,3.358e+02,7.830e+02,8.656e-01,1.00231,1.00231,9.935e+12,386.760,392.110,0.85579,0,0,0,1,1,1,0.041326318,0.041326318,0.041326318
1.00231,2811042515,0.00000,-1,1,-1,-1,-1,0,1.03362e+13,9.93500e+12,437.015000,47.272000,363.370000,1,0.47581,371.680000,37.71884,41.47618,18.40671,-235.260,647.260,-441.120,-2.427e+13,1.960e+13,7.190e+13,0.04308,215270390,215270390,2811042515,1793056,177,-1,215283706,215270553,0.83380,2811042639,46.2922,10159000000000,10904000000000,8613500000000,6676600000000,3256500000000,10.6795,7.98,0.04077,0.9628,0.73043,-11.7643,16.1607,-10.8439,0.90828,0.69646,13.7055,10.0168,-7.63449,0.5502,11430000000000,5866000000000,9.93500e+12,1.02800e+13,371.680000,396.940000,0.50112,-5.951e+02,-5.951e+02,4.580e+01,-4.002e+01,5.694e+00,6.682e-01,1.00231,1.00231,9.935e+12,371.680,378.500,0.70801,1,1,1,1,1,1,0.1758455,0.1758455,0.1758455
1.00231,2810828953,0.00000,-1,1,-1,-1,-1,0,9.86400e+12,9.86400e+12,435.958000,62.379000,378.190000,1,0.53150,346.450000,44.56886,12.08263,13.19684,-314.410,209.910,127.440,-2.471e+13,1.538e+13,-2.403e+13,0.01700,215831324,215831324,2810828953,1579494,177,-1,215843797,215831484,0.89527,2810828850,65.1767,10019000000000,11699000000000,8230000000000,5956300000000,2638000000000,14.9045,43.71,0.01987,0.88554,0.74692,16.0179,-14.5011,-10.0426,0.81142,0.60642,-7.95384,13.814,10.2894,0.676,10410000000000,6724000000000,9.86400e+12,9.86400e+12,346.450000,407.650000,0.55175,2.692e+03,2.692e+03,7.937e+02,2.574e+02,8.408e+01,1.002e+00,1.00231,1.00231,9.864e+12,346.450,346.450,0.80726,0,0,0,1,1,1,0.22723474,0.22723474,0.22723474
1.00231,2811032511,0.00000,-1,1,-1,-1,-1,0,9.78700e+12,9.78700e+12,434.832000,41.035000,385.090000,1,0.49606,384.470000,48.96152,38.75866,12.21467,-90.750,51.960,-439.670,1.486e+13,-3.931e+12,-4.832e+13,0.02611,216514779,216514779,2811032511,1783052,177,-1,216523652,216514956,0.46982,2811030772,38.7712,9934600000000,14064000000000,7517000000000,5776400000000,3494500000000,50.3962,68.87,0.02705,0.72078,0.4559,17.0145,-4.58577,-2.84911,0.7917,0.49153,11.6613,2.8996,-5.57361,0.6278,11930000000000,4855000000000,9.78700e+12,9.78700e+12,384.470000,455.450000,0.49100,4.697e+03,4.697e+03,8.751e+02,5.898e+02,3.010e+02,1.002e+00,1.00231,1.00231,9.787e+12,384.470,384.470,0.44128,0,0,1,1,1,1,0.75964314,0.75964314,0.4276773
1.00231,2809264129,0.00000,-1,2,-1,-1,-1,0,9.74600e+12,9.74600e+12,434.223000,50.935000,354.910000,1,0.27331,361.340000,9.53191,26.03636,14.87669,-43.510,54.360,185.780,-1.046e+13,-2.517e+13,-2.050e+13,0.01883,216787135,216787135,2809264129,14670,177,-1,216799742,216787303,0.36419,2809263275,51.01,9786300000000,10823000000000,7915700000000,6053900000000,3088300000000,22.4721,39.06,0.01832,0.69264,0.53103,-14.6376,19.8474,-6.21663,0.6131,0.48944,-12.2874,15.6408,-4.21973,0.5564,10300000000000,5737000000000,9.74600e+12,9.74600e+12,361.340000,417.030000,0.44543,4.852e+02,4.852e+02,1.964e+02,7.226e+02,7.674e+02,1.002e+00,1.00231,1.00231,9.746e+12,361.340,361.340,0.35977,1,1,1,1,1,1,0.61991131,0.61991131,0.61991131
1.00231,2809261624,0.00000,-1,2,-1,-1,-1,0,1.03391e+13,9.72900e+12,433.967000,38.412000,369.940000,1,0.36443,384.210000,3.69831,28.90415,16.76822,-49.990,16.640,332.790,-6.732e+13,3.332e+13,7.531e+13,0.06364,216958677,216958677,2809261624,12165,177,-1,216970483,216958845,0.67118,2809261554,38.474,9921100000000,10436000000000,8457000000000,6773000000000,3715500000000,8.93216,16.27,0.0573,0.87123,0.85704,-0.86688,17.7847,-3.84596,0.82916,0.82181,-4.3007,12.8221,-7.27096,0.5386,11870000000000,5137000000000,9.72900e+12,1.02800e+13,384.210000,435.160000,0.40494,1.007e+02,1.007e+02,2.562e+02,1.178e+02,0.000e+00,6.378e-01,1.00231,1.00231,9.729e+12,384.210,400.820,0.65342,0,0,0,1,1,1,0.039616622,0.039616622,0.039616622
1.00231,2811057153,0.00000,-1,1,-1,-1,-1,0,9.68900e+12,9.68900e+12,433.369000,79.273000,347.820000,1,0.85803,330.910000,43.73417,46.91422,32.00994,-114.490,198.030,144.660,-1.086e+14,-3.214e+13,4.212e+13,0.06119,217248813,217248813,2811057153,1807694,177,-1,217255884,217248984,0.26470,2811055606,83.113,9727900000000,10295000000000,7998400000000,5272100000000,2255100000000,16.5015,20.98,0.06552,0.50447,0.35474,0.98229,13.6453,27.7794,0.50014,0.36314,1.39983,9.39248,19.0647,0.5926,10060000000000,7860000000000,9.68900e+12,9.68900e+12,330.910000,403.660000,0.78969,5.951e+02,5.951e+02,1.219e+03,1.314e+03,1.005e+03,1.002e+00,1.00231,1.00231,9.689e+12,330.910,330.910,0.26427,0,0,0,1,1,0,0.72590619,0.72590619,0.86483765
1.00231,2811043120,0.00000,-1,1,-1,-1,-1,0,9.47200e+12,9.47200e+12,430.117000,76.780000,336.170000,1,0.51125,335.590000,37.43530,44.98444,21.53197,-110.670,-141.600,-391.010,-1.341e+13,-5.049e+13,1.756e+13,0.02956,219339409,219339409,2811043120,1793661,177,-1,219350588,219339574,0.49750,2811042639,71.6624,9553100000000,10756000000000,7055300000000,4804100000000,2475300000000,31.6175,34.05,0.03104,0.75838,0.56944,-12.2438,20.3792,5.67435,0.82075,0.72664,-6.95927,14.5368,-2.35634,0.5716,9490000000000,6975000000000,9.47200e+12,9.47200e+12,335.590000,392.320000,0.51125,4.394e+02,4.394e+02,1.631e+02,1.566e+02,2.008e+02,1.002e+00,1.00231,1.00231,9.472e+12,335.590,335.590,0.47184,0,0,0,1,1,1,0.82957733,0.82957733,1.1449871
1.00231,2809261674,0.00000,-1,3,-1,-1,-1,0,9.85033e+12,9.31700e+12,427.747000,74.520000,336.880000,1,0.67325,333.270000,3.58889,28.66372,18.79942,-77.940,526.830,-202.930,3.120e+13,-8.079e+13,-9.428e+13,0.07231,220773788,220773788,2809261674,12215,177,-1,220785557,220773950,0.76142,2809261554,71.8815,9409900000000,10880000000000,7514500000000,4939200000000,2405900000000,25.7896,31.37,0.07413,0.86836,0.7187,19.0026,2.11173,-7.24459,0.87087,0.68223,-6.28141,-5.67462,11.9675,0.565,9429000000000,7158000000000,9.31700e+12,9.86600e+12,333.270000,359.170000,0.65806,-7.049e+02,-7.049e+02,1.530e+01,3.835e+01,8.887e+02,9.036e-01,1.00231,1.00231,9.317e+12,333.270,354.010,0.68688,1,1,1,1,1,0,0.28465363,0.28465363,0.28465363
1.00231,2809451255,0.00000,-1,1,-1,-1,-1,0,9.20600e+12,9.20600e+12,426.047000,59.493000,351.370000,1,0.45050,344.010000,11.97083,49.62691,5.77891,-70.230,308.790,339.690,5.675e+12,3.558e+13,-1.187e+13,0.02207,221733405,221733405,2809451255,201796,177,-1,221743821,221733565,0.19183,2809460290,58.356,9209200000000,9907800000000,7743400000000,5632400000000,2615500000000,10.017,19.13,0.02241,0.78433,0.66759,-6.54661,22.764,1.13427,0.64658,0.55991,-0.75783,19.0151,2.46819,0.5796,9807000000000,6177000000000,9.20600e+12,9.20600e+12,344.010000,366.200000,0.49100,9.155e+01,9.155e+01,4.725e+02,6.813e+02,3.392e+02,1.002e+00,1.00231,1.00231,9.206e+12,344.010,344.010,0.21074,0,0,0,1,1,1,0.23999152,0.3355107,0.3355107
1.00231,2811055845,0.00000,-1,1,2811055606,2811055606,-1,0,9.06300e+12,9.06300e+12,423.834000,36.266000,390.500000,1,0.63781,376.610000,45.68734,49.02116,40.08744,-571.160,111.900,-1054.530,4.920e+13,5.404e+13,1.003e+13,0.04614,223030064,223030064,2811055845,1806386,177,-1,223041488,223030231,2.29165,2811055606,37.0005,9691300000000,9591500000000,8126100000000,6271300000000,3402300000000,6.6493,16.72,0.04472,0.70882,0.49863,18.0582,-9.81299,0.85235,0.76206,0.5171,13.1082,-5.70806,-6.79244,0.608,10670000000000,4485000000000,1.13500e+13,1.13700e+13,389.070000,418.600000,0.62262,5.109e+03,5.109e+03,-9.925e+02,-4.471e+02,4.639e+02,9.036e-01,0.88840,0.88840,1.135e+13,389.070,387.250,1.77374,1,1,1,1,1,1,0.062684596,0.062684596,0.062684596
1.00231,2809461936,0.00000,-1,1,-1,-1,-1,0,9.02300e+12,9.02300e+12,423.214000,70.566000,366.600000,1,0.50618,338.950000,17.82703,38.57684,15.47058,-59.400,199.950,-142.530,-1.099e+13,5.112e+12,-4.536e+13,0.02437,223285167,223285167,2809461936,212477,177,-1,223291128,223285330,0.24597,2809460954,60.5822,9024800000000,9878200000000,7714400000000,5700800000000,1974900000000,28.0632,55.26,0.02867,0.83294,0.48159,15.5874,12.4042,-14.2868,0.72781,0.39996,16.5861,4.48905,-9.64824,0.6714,9804000000000,7002000000000,9.02300e+12,9.02300e+12,338.950000,367.480000,0.60237,6.500e+02,6.500e+02,1.314e+03,8.987e+02,7.894e+02,1.002e+00,1.00231,1.00231,9.023e+12,338.950,338.950,0.23217,0,0,0,1,1,1,0.0038651745,0.0038651745,0.012343933
1.00231,2809286476,0.00000,-1,2,-1,-1,-1,0,8.85200e+12,8.85200e+12,420.513000,33.592000,380.600000,1,0.48594,379.280000,3.17903,15.61402,47.28617,-117.290,18.040,-276.610,2.066e+13,-2.894e+13,-2.838e+13,0.02995,224873635,224873635,2809286476,37017,177,-1,224882841,224873779,0.13938,2820404237,34.4879,8890300000000,9520800000000,7636400000000,6107100000000,3477600000000,14.3319,19.84,0.02869,0.72447,0.48356,18.0562,-5.18832,7.75514,0.6888,0.46609,14.3605,-4.26881,7.31591,0.5992,10400000000000,4227000000000,8.85200e+12,8.85200e+12,379.280000,443.270000,0.47581,8.789e+02,8.789e+02,5.322e+02,3.998e+02,2.819e+02,1.002e+00,1.00231,1.00231,8.852e+12,379.280,379.280,0.13888,1,1,1,1,1,1,0.96479177,0.96479177,0.98579615
1.00231,2809251815,0.00000,-1,1,-1,-1,-1,0,8.56400e+12,8.56400e+12,415.908000,39.889000,366.110000,1,0.37456,360.850000,12.57408,1.65071,10.90644,-146.710,24.770,-321.380,-2.161e+13,-1.002e+12,-5.306e+13,0.03867,227354522,227354522,2809251815,2356,177,-1,227364646,227354690,0.23962,2810631618,40.2627,8566500000000,9476700000000,7374700000000,5877700000000,3075800000000,4.02881,26.22,0.03818,0.65747,0.52597,9.81997,17.9221,-11.0593,0.62122,0.4747,8.12357,14.3689,-9.41285,0.5988,10120000000000,4703000000000,8.56400e+12,8.56400e+12,360.850000,392.320000,0.44543,1.007e+02,1.007e+02,2.551e+02,3.587e+02,3.428e+02,1.002e+00,1.00231,1.00231,8.564e+12,360.850,360.850,0.24198,1,1,1,1,1,1,0.37801996,0.37801996,0.37801996
1.00231,2810854136,0.00000,-1,2,-1,-1,-1,0,8.68614e+12,8.50600e+12,414.960000,50.830000,349.130000,1,0.69856,345.270000,33.85239,24.83543,37.19818,-49.530,124.720,-279.670,4.269e+13,-1.634e+13,6.346e+12,0.03033,227890638,227890638,2810854136,1604677,177,-1,227901309,227890801,0.13985,2809286321,48.7734,8505800000000,9613000000000,6815000000000,5043200000000,2609900000000,22.7447,16.53,0.0311,0.63354,0.56118,4.03768,-3.21066,21.0081,0.60979,0.52942,2.80534,-3.89836,15.9903,0.5948,8669000000000,5002000000000,8.50600e+12,8.63700e+12,345.270000,394.420000,0.64793,-1.923e+02,-1.923e+02,-4.642e+01,3.506e+02,7.856e+02,8.504e-01,1.00231,1.00231,8.506e+12,345.270,355.670,0.13007,0,1,1,1,1,1,1.0899396,0.36375427,0.36375427
